"ï»¿""Crop""",State,Season,Area-2021-22,Area-2022-23,Area-2023-24,Area-2024-25,Area-2025-26,Production-2021-22,Production-2022-23,Production-2023-24,Production-2024-25,Production-2025-26,Yield-2021-22,Yield-2022-23,Yield-2023-24,Yield-2024-25,Yield-2025-26
Rice,Andaman And Nicobar Islands,Kharif,0.06,0.05,0.05,0.04,,0.13,0.11,0.1,0.09,,2133,2107,2100,2060,
Rice,Andaman And Nicobar Islands,Rabi,,,,,,0,,,,,,,,,
Rice,Andaman And Nicobar Islands,Total,0.06,0.05,0.05,0.04,,0.13,0.11,0.1,0.09,,2133,2107,2100,2060,
Rice,Andhra Pradesh,Kharif,15.08,14.52,13.47,14.04,14.77,43.26,49.86,46.95,50.31,52.92,2869,3434,3485,3583,3583
Rice,Andhra Pradesh,Rabi,7.81,6.77,5.73,6.73,,34.37,29.56,26.46,31.29,,4401,4366,4616,4649,
Rice,Andhra Pradesh,Total,22.89,21.29,19.21,20.77,14.77,77.64,79.42,73.42,81.59,52.92,3392,3730,3822,3928,3583
Rice,Arunachal Pradesh,Kharif,1.36,1.36,1.37,1.37,,2.51,2.53,2.54,2.55,,1852,1857,1858,1859,
Rice,Arunachal Pradesh,Rabi,0.01,0.01,0.01,0,,0.01,0.01,0.01,0,,1343,1345,1347,449,
Rice,Arunachal Pradesh,Total,1.36,1.37,1.37,1.38,,2.52,2.54,2.55,2.56,,1849,1854,1856,1856,
Rice,Assam,Kharif,19.83,19.43,19.18,18.21,18.15,35.38,45.18,43.74,37.6,39.35,1784,2326,2281,2065,2168
Rice,Assam,Rabi,3.7,,,,,8.44,,,,,2281,,,,
Rice,Assam,Summer,,3.75,3.78,3.82,,,11.06,11.64,11.42,,,2949,3080,2986,
Rice,Assam,Total,23.53,23.18,22.96,22.03,18.15,43.82,56.24,55.39,49.01,39.35,1862,2426,2413,2225,2168
Rice,Bihar,Kharif,30.37,28.09,30.5,31.84,32.26,75.72,68.73,77.29,81.42,82.49,2493,2447,2534,2557,2557
Rice,Bihar,Rabi,0.54,,,,,1.45,,,,,2682,,,,
Rice,Bihar,Summer,,0.54,0.6,0.58,,,1.5,1.73,1.6,,,2778,2888,2769,
Rice,Bihar,Total,30.91,28.63,31.1,32.42,32.26,77.17,70.23,79.02,83.02,82.49,2496,2453,2541,2561,2557
Rice,Chandigarh,Kharif,0,0,0,0,,0,0,0,0,,5500,3950,4979,3667,
Rice,Chandigarh,Rabi,0,,,,,0,,,,,0,,,,
Rice,Chandigarh,Total,0,0,0,0,,0,0,0,0,,5500,3950,4979,3667,
Rice,Chhattisgarh,Kharif,37.59,37.71,38.22,39.05,36.11,80.22,98.12,97.03,103.68,89.17,2134,2602,2539,2655,2469
Rice,Chhattisgarh,Rabi,,,,,,0,,,,,,,,,
Rice,Chhattisgarh,Total,37.59,37.71,38.22,39.05,36.11,80.22,98.12,97.03,103.68,89.17,2134,2602,2539,2655,2469
Rice,Dadra And Nagar Haveli,Kharif,0.16,0.17,0.17,0.16,,0.33,0.36,0.36,0.33,,2069,2073,2068,2068,
Rice,Dadra And Nagar Haveli,Rabi,0,,,,,0,,,,,0,,,,
Rice,Dadra And Nagar Haveli,Total,0.16,0.17,0.17,0.16,,0.33,0.36,0.36,0.33,,2069,2073,2068,2068,
Rice,Daman And Diu,Kharif,0.01,,,,,0.03,,,,,1936,,,,
Rice,Daman And Diu,Rabi,0,,,,,0,,,,,0,,,,
Rice,Daman And Diu,Total,0.01,,,,,0.03,,,,,1936,,,,
Rice,Delhi,Kharif,0.06,0.06,0.06,0.05,,0.19,0.17,0.17,0.15,,3106,3067,3067,2800,
Rice,Delhi,Rabi,0,,,,,0,,,,,0,,,,
Rice,Delhi,Total,0.06,0.06,0.06,0.05,,0.19,0.17,0.17,0.15,,3106,3067,3067,2800,
Rice,Goa,Kharif,0.23,0.23,0.23,0.24,,0.66,0.63,0.68,0.52,,2816,2789,2890,2171,
Rice,Goa,Rabi,0.09,0.09,0.09,0.09,,0.25,0.25,0.27,0.25,,2742,2842,2983,2832,
Rice,Goa,Total,0.32,0.32,0.32,0.33,,0.9,0.88,0.95,0.77,,2795,2804,2916,2348,
Rice,Gujarat,Kharif,8.18,8.68,8.73,8.86,8.92,18.85,21.66,21.38,20.94,22.26,2304,2496,2449,2362,2495
Rice,Gujarat,Rabi,0.74,,,,,2.16,,,,,2924,,,,
Rice,Gujarat,Summer,,0.79,0.95,1.28,,,2.3,2.69,3.51,,,2899,2816,2738,
Rice,Gujarat,Total,8.92,9.47,9.69,10.14,8.92,21.01,23.96,24.07,24.45,22.26,2355,2530,2485,2410,2495
Rice,Haryana,Kharif,12.81,15.2,15.63,16.09,17.26,46.18,51.09,59.76,60.6,63.71,3605,3362,3822,3766,3691
Rice,Haryana,Rabi,,,,,,0,,,,,,,,,
Rice,Haryana,Total,12.81,15.2,15.63,16.09,17.26,46.18,51.09,59.76,60.6,63.71,3605,3362,3822,3766,3691
Rice,Himachal Pradesh,Kharif,0.66,0.67,0.7,0.68,0.68,1.68,1.31,1.73,1.42,1.48,2532,1942,2474,2080,2165
Rice,Himachal Pradesh,Rabi,,,,,,0,,,,,,,,,
Rice,Himachal Pradesh,Total,0.66,0.67,0.7,0.68,0.68,1.68,1.31,1.73,1.42,1.48,2532,1942,2474,2080,2165
Rice,Jammu And Kashmir,Kharif,2.69,2.74,2.58,2.58,,4.93,6.04,6.41,6.41,,1834,2202,2482,2482,
Rice,Jammu And Kashmir,Rabi,0,,,,,0,,,,,0,,,,
Rice,Jammu And Kashmir,Total,2.69,2.74,2.58,2.58,,4.93,6.04,6.41,6.41,,1834,2202,2482,2482,
Rice,Jharkhand,Kharif,14.45,8.55,11,14.69,16.98,29.3,14.94,15.16,27.83,31.77,2028,1747,1378,1894,1871
Rice,Jharkhand,Rabi,,,,,,0,,,,,,,,,
Rice,Jharkhand,Total,14.45,8.55,11,14.69,16.98,29.3,14.94,15.16,27.83,31.77,2028,1747,1378,1894,1871
Rice,Karnataka,Kharif,10.08,9.46,8.49,8.86,9.11,31.22,31.63,28.23,30.08,30.56,3097,3344,3325,3395,3355
Rice,Karnataka,Rabi,3.9,0.92,0.43,0.41,,11.97,2.42,1.16,1.17,,3069,2633,2694,2842,
Rice,Karnataka,Summer,,2.9,0.61,2.54,,,8.74,1.89,8.24,,,3016,3093,3245,
Rice,Karnataka,Total,13.98,13.28,9.53,11.81,9.11,43.18,42.8,31.27,39.49,30.56,3089,3223,3282,3344,3355
Rice,Kerala,Kharif,1.5,0.5,0.45,0.41,0.37,3.42,1.37,1.16,1.1,1.06,2274,2716,2593,2651,2896
Rice,Kerala,Rabi,0.45,0.71,0.72,0.69,,1.45,2.25,1.95,2.09,,3195,3149,2711,3045,
Rice,Kerala,Summer,,0.7,0.63,0.66,,,2.34,1.86,1.97,,,3350,2941,2966,
Rice,Kerala,Total,1.96,1.92,1.8,1.77,0.37,4.87,5.96,4.98,5.16,1.06,2488,3108,2762,2923,2896
Rice,Ladakh,Kharif,0,,,,,0,,,,,0,,,,
Rice,Ladakh,Rabi,0,,,,,0,,,,,0,,,,
Rice,Ladakh,Total,0,,,,,0,,,,,0,,,,
Rice,Lakshadweep,Kharif,0,,,,,0,,,,,0,,,,
Rice,Lakshadweep,Rabi,0,,,,,0,,,,,0,,,,
Rice,Lakshadweep,Total,0,,,,,0,,,,,0,,,,
Rice,Madhya Pradesh,Kharif,21.09,34.14,34.4,38.3,42.1,48.15,70.22,71.11,89.45,97.11,2283,2057,2067,2336,2307
Rice,Madhya Pradesh,Rabi,0,,,0.53,,0,,,1.58,,0,,,2974,
Rice,Madhya Pradesh,Summer,,,0.4,0.02,,,,1.29,0.06,,,,3215,3140,
Rice,Madhya Pradesh,Total,21.09,34.14,34.8,38.85,42.1,48.15,70.22,72.4,91.09,97.11,2283,2057,2080,2345,2307
Rice,Maharashtra,Kharif,15.49,15.55,15.25,15.21,14.46,32.95,34.54,34.63,34.3,35.96,2127,2221,2270,2255,2486
Rice,Maharashtra,Rabi,1.03,,,,,3.03,,,,,2954,,,,
Rice,Maharashtra,Summer,,1.63,1.68,1.61,,,4.45,4.37,4.37,,,2732,2611,2716,
Rice,Maharashtra,Total,16.52,17.18,16.93,16.82,14.46,35.98,38.99,39,38.67,35.96,2178,2269,2304,2299,2486
Rice,Manipur,Kharif,0.05,0.06,0.06,1.55,,0.15,0.18,0.17,3.62,,3008,3091,2970,2340,
Rice,Manipur,Rabi,1.95,,,,,5.52,,,,,2832,,,,
Rice,Manipur,Summer,,1.81,1.65,0.15,,,3.31,3.31,0.56,,,1835,2010,3780,
Rice,Manipur,Total,2,1.86,1.7,1.69,,5.67,3.49,3.48,4.17,,2836,1874,2042,2465,
Rice,Meghalaya,Kharif,0.95,0.95,0.95,0.95,,2.34,2.22,2.08,2.22,,2469,2333,2180,2333,
Rice,Meghalaya,Rabi,0.14,0.12,0.12,0.12,,0.63,0.57,0.57,0.57,,4626,4566,4566,4566,
Rice,Meghalaya,Total,1.08,1.08,1.08,1.08,,2.97,2.79,2.65,2.79,,2741,2591,2456,2592,
Rice,Mizoram,Kharif,0.34,0.34,0.24,0.2,,0.6,0.39,0.39,0.35,,1740,1149,1600,1705,
Rice,Mizoram,Rabi,0,0.01,0.01,0,,0.01,0.01,0.01,0,,2008,1320,2080,2074,
Rice,Mizoram,Total,0.35,0.34,0.25,0.21,,0.61,0.39,0.4,0.35,,1744,1151,1610,1709,
Rice,Nagaland,Kharif,1.22,2.08,2.08,1.96,,1.5,3.64,3.64,3.4,,1233,1748,1751,1734,
Rice,Nagaland,Rabi,0,0.03,0.02,0.01,,0,0.06,0.05,0.03,,1800,1995,1999,1950,
Rice,Nagaland,Total,1.22,2.11,2.1,1.97,,1.51,3.7,3.69,3.43,,1234,1751,1753,1736,
Rice,Odisha,Kharif,36.48,37.29,37.01,34.19,35.49,81.54,70.81,72.79,81.44,84.54,2235,1899,1967,2382,2382
Rice,Odisha,Rabi,2.99,,,,,11.37,,,,,3797,,,,
Rice,Odisha,Summer,,3.36,3.71,4.15,,,11.69,11.95,13.84,,,3485,3219,3338,
Rice,Odisha,Total,39.48,40.64,40.72,38.34,35.49,92.91,82.5,84.74,95.27,84.54,2353,2030,2081,2485,2382
Rice,Puducherry,Kharif,0.04,0.04,0.04,0.03,,0.13,0.14,0.13,0.09,,2956,3311,3142,2765,
Rice,Puducherry,Rabi,0.15,0.1,0.1,0.09,,0.44,0.32,0.32,0.23,,2992,3137,3139,2520,
Rice,Puducherry,Summer,,0.05,0.05,0.05,,,0.19,0.16,0.15,,,3635,3112,3218,
Rice,Puducherry,Total,0.19,0.2,0.2,0.17,,0.57,0.65,0.61,0.47,,2984,3304,3133,2761,
Rice,Punjab,Kharif,29.69,30.98,31.79,32.43,32.49,128.85,129.91,143.56,143.61,136.67,4340,4193,4516,4428,4207
Rice,Punjab,Rabi,,,,,,0,,,,,,,,,
Rice,Punjab,Total,29.69,30.98,31.79,32.43,32.49,128.85,129.91,143.56,143.61,136.67,4340,4193,4516,4428,4207
Rice,Rajasthan,Kharif,1.96,2.34,2.68,3.54,3.5,4.79,5.77,7.46,9.18,9.16,2436,2464,2786,2593,2618
Rice,Rajasthan,Rabi,,,,,,0,,,,,,,,,
Rice,Rajasthan,Total,1.96,2.34,2.68,3.54,3.5,4.79,5.77,7.46,9.18,9.16,2436,2464,2786,2593,2618
Rice,Sikkim,Kharif,0.09,0.08,0.06,0.06,,0.16,0.1,0.08,0.08,,1861,1241,1242,1242,
Rice,Sikkim,Rabi,,,,,,0,,,,,,,,,
Rice,Sikkim,Total,0.09,0.08,0.06,0.06,,0.16,0.1,0.08,0.08,,1861,1241,1242,1242,
Rice,Tamil Nadu,Kharif,20.24,6.93,6.8,6.64,7.71,70.51,25.13,20.9,22.41,27.89,3483,3627,3074,3375,3617
Rice,Tamil Nadu,Rabi,1.93,12.68,11.79,12.21,,8.56,42.56,37.79,37.96,,4436,3357,3204,3109,
Rice,Tamil Nadu,Summer,,1.98,2.42,2.73,,,7.88,9.31,10.56,,,3975,3839,3874,
Rice,Tamil Nadu,Total,22.17,21.59,21.02,21.58,7.71,79.07,75.57,67.99,70.94,27.89,3566,3500,3235,3288,3617
Rice,Telangana,Kharif,23.74,25.41,25.74,24.87,26.76,78.34,88.87,93.44,90.54,96.35,3300,3498,3630,3640,3600
Rice,Telangana,Rabi,12.81,21.22,21.11,23.22,,45.75,69.91,75.3,83.92,,3572,3295,3567,3614,
Rice,Telangana,Total,36.55,46.62,46.85,48.09,26.76,124.1,158.77,168.74,174.46,96.35,3395,3406,3602,3627,3600
Rice,Tripura,Kharif,1.91,1.79,1.79,1.63,,5.85,5.77,5.77,4.95,,3069,3218,3218,3043,
Rice,Tripura,Rabi,0.65,0.63,0.63,0.62,,2.26,2.12,2.12,2.21,,3470,3391,3391,3557,
Rice,Tripura,Total,2.56,2.42,2.42,2.25,,8.11,7.89,7.89,7.15,,3171,3263,3263,3185,
Rice,Uttar Pradesh,Kharif,56.76,58.66,57.32,71.5,68.9,151.83,160.33,158.65,201.45,194.1,2675,2733,2768,2817,2817
Rice,Uttar Pradesh,Rabi,0.27,,,,,0.88,,,,,3268,,,,
Rice,Uttar Pradesh,Summer,,0.32,0.36,2,,,1.1,1.25,6.14,,,3439,3474,3068,
Rice,Uttar Pradesh,Total,57.03,58.98,57.68,73.5,68.9,152.72,161.43,159.9,207.59,194.1,2678,2737,2772,2824,2817
Rice,Uttarakhand,Kharif,2.33,2.27,2.21,2.09,2.06,6.24,5.57,5.63,5.56,5.19,2680,2453,2552,2667,2525
Rice,Uttarakhand,Rabi,0.24,,,,,0.92,,,,,3817,,,,
Rice,Uttarakhand,Summer,,0.22,0.23,0.07,,,0.78,0.81,0.29,,,3526,3571,3921,
Rice,Uttarakhand,Total,2.57,2.49,2.43,2.16,2.06,7.16,6.34,6.44,5.86,5.19,2786,2548,2647,2710,2525
Rice,West Bengal,Kharif,42.86,37.69,38.09,42.3,42.76,122.05,107.79,109.47,110.06,118.54,2848,2860,2874,2602,2772
Rice,West Bengal,Rabi,13,,,,,45.23,,,,,3479,,,,
Rice,West Bengal,Summer,,12.96,13.1,13.62,,,47.06,47.39,50.14,,,3630,3617,3680,
Rice,West Bengal,Total,55.86,50.65,51.19,55.92,42.76,167.29,154.84,156.87,160.19,118.54,2995,3057,3064,2865,2772
Rice,Others,Kharif,,,,,10.84,,,,,24.76,,,,,2284
Rice,Others,Total,,,,,10.84,,,,,24.76,,,,,2284
Rice,All India,Kharif,410.38,404.03,407.34,434.66,441.7,1110.01,1105.12,1132.59,1227.72,1245.04,2705,2735,2780,2825,2819
Rice,All India,Rabi,52.4,43.28,40.76,44.73,,184.71,150.04,146.01,161.29,,3525,3467,3582,3606,
Rice,All India,Summer,,31.01,30.18,33.28,,,102.4,99.65,112.84,,,3302,3302,3391,
Rice,All India,Total,462.79,478.32,478.28,512.67,441.7,1294.71,1357.55,1378.25,1501.84,1245.04,2798,2838,2882,2929,2819